1girl,0,4114588,"1girls,sole_female"
solo,0,3426446,"female_solo,solo_female"
highres,5,3008413,"high_res,high_resolution,hires"
long_hair,0,2898315,longhair
commentary_request,5,2610959,
breasts,0,2252741,"boobs,breast,breats,oppai,tits"
looking_at_viewer,0,2017032,pov_eye_contact
blush,0,1987494,"blushing,flush,flushed"
smile,0,1847264,":),:},smiling"
short_hair,0,1530601,"short-hair,shorthair"
open_mouth,0,1521316,mouth_open
bangs,0,1446592,
blue_eyes,0,1192965,"blueeyes,light_blue_eyes"
multiple_girls,0,1097189,
skirt,0,1072680,
blonde_hair,0,1070839,"blond,blond_hair,blonde,blondehair,gold_hair,yellow_hair"
large_breasts,0,1051375,"big_breasts,large_boobs,large_breast,large_tits"
brown_hair,0,1046479,"brown-hair,brownhair,brunette,chocolate_hair"
simple_background,0,1033328,
shirt,0,956884,"shirt_only,shirts"
black_hair,0,951555,"black-hair,blackhair,dark_hair"
hair_ornament,0,909358,"hair_accessories,hair_accessory,hair_decs,hair_ornaments"
absurdres,5,889451,"insaneres,very_high_resolution"
red_eyes,0,874986,"red_eye,redeyes"
thighhighs,0,871535,"naked_thighhighs,nude_thighhighs,stocking,stockings,thigh_highs,thighhgihs,thighhigh,thighhighs_only,thighhigs,thighighs"
hat,0,860554,
gloves,0,859727,glove
1boy,0,852461,"1boys,sole_male"
bad_id,5,850533,bad_skeb_id
long_sleeves,0,847925,long_sleeve
white_background,0,842744,
dress,0,813386,
original,3,800843,original_character
ribbon,0,776028,ribbons
bow,0,773755,bows
touhou,3,769563,toho
navel,0,762061,"belly_button,bellybutton"
bad_pixiv_id,5,714106,
2girls,0,713683,"2_girls,2girl"
photoshop_(medium),5,702997,
holding,0,696989,"hold,holding_object"
animal_ears,0,695502,kemonomimi
cleavage,0,672733,"clevage,overboob"
hair_between_eyes,0,661745,bangs_between_eyes
bare_shoulders,0,637748,"bare_shoulder,bareshoulders"
commentary,5,635624,commentaries
brown_eyes,0,632789,"browneyes,light_brown_eyes"
twintails,0,632535,"twin_tails,twintaiks,twintail"
medium_breasts,0,624978,
jewelry,0,622350,"jewelery,jewellery"
sitting,0,612015,"sit,sitting_down"
very_long_hair,0,601723,hair_past_waist
underwear,0,596262,"shitagi,undergarments"
closed_mouth,0,589051,
nipples,0,575314,nipple
school_uniform,0,569565,"school_girl,school_uniforms,schoolgirl,seifuku"
green_eyes,0,568502,"green-eyes,greeneyes"
blue_hair,0,547897,bluehair
standing,0,532306,
purple_eyes,0,520583,"light_purple_eyes,purpleeyes,violet_eyes"
collarbone,0,504733,"clavicle,clavicles,collarbones"
panties,0,495559,"pantie,pantsu,panty"
monochrome,0,470985,"monochome,monochorme,monochromatic"
tail,0,470651,"animal_tail,animal_tails,shippo,tails"
jacket,0,469260,
translated,5,459108,"translatied,translation"
swimsuit,0,457313,"bathing_suit,mizugi,swim_suit,swimsuits"
full_body,0,446282,
closed_eyes,0,442906,eyes_closed
hair_ribbon,0,440003,"hair_ribbons,ribbon_in_hair,ribbons_in_hair"
kantai_collection,3,436085,"kancolle,kankore"
yellow_eyes,0,433326,"amber_eyes,gold_eyes,golden_eyes,hazel_eyes,hazeleyes,yelloweyes"
weapon,0,420275,weapons
ponytail,0,419615,"long_ponytail,pony_tail"
upper_body,0,417829,bust
purple_hair,0,415161,"lavender_hair,purple-hair,purplehair,violet_hair"
white_shirt,0,413176,white_blouse
pink_hair,0,412002,"magenta_hair,pinkhair"
ass,0,411747,"butt,butt_cheeks,buttocks,oshiri,rearend"
comic,0,405140,"comics,manga"
braid,0,404122,"braided_hair,braids,hair_braid"
flower,0,400183,flowers
ahoge,0,395736,
:d,0,376147,
short_sleeves,0,375920,
hair_bow,0,372662,"hair_bows,hairbow"
greyscale,0,371431,"b&w,black_and_white,grayscale"
hetero,0,369606,
white_hair,0,361604,whitehair
male_focus,0,359240,"male,male_only,man,men"
heart,0,350239,"<3,hearts"
pantyhose,0,345097,"panty_hose,tights"
bikini,0,340940,
sidelocks,0,336241,"forelocks,payot"
thighs,0,332714,thigh
nude,0,330496,naked
red_hair,0,327685,"red_head,redhair,redhead"
cowboy_shot,0,324472,
pleated_skirt,0,322440,
sweat,0,322381,sweating
hairband,0,320155,hair_band
multicolored_hair,0,318977,multicolor_hair
translation_request,5,318605,"translate_request,translation_requested,translationrequest"
earrings,0,316173,"aqua_earrings,black_earrings,blue_earrings,brown_earrings,ear_ring,ear_rings,earring,green_earrings,grey_earrings,pink_earrings,purple_earrings,red_earrings,white_earrings,yellow_earrings"
small_breasts,0,315987,
grey_hair,0,314794,gray_hair
boots,0,313016,"boot,naked_boots"
lying,0,303118,"laying,laying_down,lying_down"
censored,0,300048,"censor,censoring"
outdoors,0,296370,"outdoor,outside"
frills,0,295934,"frill,frilled,frilly,ruffles"
parted_lips,0,292170,
detached_sleeves,0,289409,"armsleeves,detached_sleeve,naked_sleeves"
one_eye_closed,0,287946,wink
food,0,286933,
japanese_clothes,0,282381,"japanese_clothing,traditional_japanese_clothes,wafuku"
multiple_boys,0,278355,
green_hair,0,278290,greenhair
wings,0,277342,wing
open_clothes,0,275169,open_clothing
sky,0,271218,
necktie,0,271120,"neck_tie,tie"
horns,0,268888,
penis,0,266519,"cock,cocks,dick,dicks"
shoes,0,265277,shoe
fate_(series),3,260162,
glasses,0,258562,"megane,meganekko,meganeko"
shorts,0,253401,short_pants
barefoot,0,252703,"bare_feet,bare_foot,barefeet"
serafuku,0,246424,sailor_fuku
pussy,0,245806,"manko,vagina,vulva"
teeth,0,245489,bared_teeth
solo_focus,0,238837,
sleeveless,0,238082,no_sleeves
day,0,238001,
alternate_costume,0,236618,"alternate_outfit,alternate_outfit,alternative_costume"
choker,0,236347,
tongue,0,235358,tongues
pointy_ears,0,228958,"elf_ears,elven_ears,long_ears,pointed_ears,pointy-ears,pointy_ear"
socks,0,227884,"leghighs,naked_socks,sock"
black_gloves,0,225896,black_glove
elbow_gloves,0,218936,"long_gloves,opera_gloves"
hairclip,0,218010,"barrette,hair_clip,hair_clips,hairclips"
fang,0,215043,
midriff,0,211220,
striped,0,211065,stripes
puffy_sleeves,0,207646,puffy_shoulders
shiny,0,204926,
looking_back,0,203075,"looking_over_shoulder,turning"
belt,0,202376,belts
sword,0,198728,swords
collared_shirt,0,197795,collared_blouse
pants,0,195599,"long_pants,trousers"
official_art,5,194421,
artist_name,0,192428,
cloud,0,192323,clouds
black_thighhighs,0,191915,
indoors,0,186361,
tears,0,184656,tear
cat_ears,0,184506,"catears,nekomimi"
fate/grand_order,3,183978,fgo
white_gloves,0,181876,white_glove
virtual_youtuber,0,179776,vtuber
3girls,0,178540,3girl
hair_flower,0,177530,"flower_hair_ornament,flower_in_hair,hair_flowers,hairflower"
signature,0,177272,"artist_signature,autograph,signed"
dark_skin,0,176102,"brown_skin,dark_skin_female,dark_skinned_female,darkskin"
hand_up,0,175705,"hand_raised,one_hand_raised,raised_hand"
spread_legs,0,173323,"legs_spread,open_legs,spread_leg"
silver_hair,0,172873,
cum,0,172618,"cumshot,semen,sperm"
2boys,0,170921,2boy
hood,0,170424,
sex,0,169737,"fuck,fucking"
idolmaster,3,168860,"idol_master,idolm@ster,the_idolmaster"
miniskirt,0,168572,"mini_skirt,short_skirt"
tongue_out,0,167571,
wide_sleeves,0,167392,
on_back,0,166746,"lying_on_back,supine"
fingerless_gloves,0,166594,fingerless_glove
blunt_bangs,0,166178,
bowtie,0,164885,"bow_tie,neck_bow"
black_skirt,0,164625,
armpits,0,163586,"armpit,showing_armpits"
pink_eyes,0,163024,
english_commentary,5,163005,
sailor_collar,0,160457,
medium_hair,0,158791,shoulder-length_hair
kimono,0,158659,
pokemon,3,157511,"pocket_monsters,pokemons,pok├®mon"
water,0,154351,
grey_background,0,153495,gray_background
necklace,0,151304,
black_legwear,0,151031,"black_kneehighs,black_leggings,black_pantyhose,black_socks,black_thighhighs"
off_shoulder,0,147990,"off-shoulder,off_shoulders"
chibi,0,147648,super_deformed
bag,0,146939,bags
hair_bun,0,146389,
clothes_lift,0,146105,
cape,0,145528,
from_behind,0,145487,viewed_from_behind
star_(symbol),0,145380,
stomach,0,145363,
scarf,0,145354,muffler
twitter_username,0,144376,artist_twitter
bra,0,143316,
nail_polish,0,142958,"colored_nails,nail_varnish,nailpolish,painted_nails"
orange_hair,0,142662,
yuri,0,142648,"girl's_love,girl_love,girls_love,lesbian,shoujo-ai"
white_dress,0,141629,
sweatdrop,0,141422,"sweat_drop,sweat_drops,sweatdrops"
holding_weapon,0,141258,
black_footwear,0,141200,"black_boots,black_shoes"
armor,0,140506,armour
rabbit_ears,0,139273,"bunny_ear,bunny_ears,rabbit_ear"
white_panties,0,139230,
mole,0,136877,beauty_mark
hair_over_one_eye,0,135697,hair_over_eye
grin,0,135287,
uniform,0,134600,uniforms
:o,0,133841,:0
huge_breasts,0,133500,"huge_boobs,huge_breast,huge_tits"
blurry,0,132946,blurred
black_eyes,0,132362,dark_eyes
character_name,0,132310,
apron,0,132263,
looking_at_another,0,130747,
vest,0,128632,
black_dress,0,126840,
arm_up,0,125800,"arm_raised,one_arm_up,raised_arm"
mosaic_censoring,0,125723,"mosaic_censor,pixel_censor,rough_censoring"
high_heels,0,125612,"heels,highheels"
vaginal,0,125586,"vaginal_penetration,vaginal_sex"
red_bow,0,125049,
twin_braids,0,125048,"twin_braid,twinbraid,twinbraids"
flat_chest,0,123020,"flat_chested,flatchest,pettanko,titty_buds,tsurupeta"
arms_up,0,122759,"arms_above,arms_above_head,arms_raised,hands_above_head,raised_arms"
shiny_hair,0,122714,
side_ponytail,0,121984,"side_tail,sidetail"
bracelet,0,121896,bracelets
collar,0,121712,
covered_nipples,0,121585,"covered_erect_nipples,erect_nipple,erect_nipplees,erect_nipples,erect_nipples_under_clothes,errect_nipples,perky_nipples"
feet,0,118991,foot
dated,0,118815,
from_side,0,118032,"side,side_view,viewed_from_side"
aqua_eyes,0,117472,"cyan_eyes,teal_eyes,turquoise_eyes"
vocaloid,3,116231,"vocaloid_2,vocaloid_3"
sweater,0,115033,
white_thighhighs,0,114692,
two-tone_hair,0,114591,"two-tone-hair,two_tone_hair"
speech_bubble,0,114527,"speech_balloon,text_bubble,word_bubble"
leotard,0,114043,
red_ribbon,0,112196,
two_side_up,0,111533,two_sides_up
english_text,0,111457,english
dark-skinned_female,0,111075,dark_skinned_female
open_jacket,0,110983,"open_blazer,open_track_jacket"
tree,0,110120,trees
sketch,0,109877,"rough,rough_sketch"
cup,0,109805,"cups,drinking_cup"
blue_sky,0,109339,
puffy_short_sleeves,0,108813,short_puffy_sleeves
lips,0,108716,
zettai_ryouiki,0,107347,"absolute_territory,zettai_ryouki"
blue_skirt,0,106323,
hololive,3,106179,
official_alternate_costume,0,104403,"alternate_costume_(official),official_alternate_outfit"
groin,0,104033,"adonis_belt,hip_lines,mound_of_venus"
coat,0,103266,
fingernails,0,103161,"finger_nails,fingernail"
wet,0,102577,soaked
genshin_impact,3,102416,genshin
cat_tail,0,102123,cat_tails
v-shaped_eyebrows,0,101398,
bad_twitter_id,5,101357,
streaked_hair,0,101072,highlights
black_jacket,0,101020,black_blazer
neckerchief,0,100738,
head_tilt,0,100424,
crop_top,0,99832,
white_legwear,0,99720,"white_kneehighs,white_leggings,white_pantyhose,white_socks,white_thighhighs"
see-through,0,99593,"see_through,seethrough,sheer_clothes,sheer_clothing,transparent_clothing"
orange_eyes,0,98788,
gradient,0,98281,
hand_on_hip,0,98165,hand_on_waist
azur_lane,3,98104,bilan_hangxian
gun,0,97949,"firearm,guns"
shiny_skin,0,97431,glistening_skin
animal_ear_fluff,0,97071,
idolmaster_cinderella_girls,3,96349,cinderella_girls
wrist_cuffs,0,96175,"detached_cuffs,wrist_cuff,wristcuff,wristcuffs"
pillow,0,96077,"black_pillow,blue_pillow,green_pillow,grey_pillow,orange_pillow,pillows,pink_pillow,purple_pillow,red_pillow,white_pillow,yellow_pillow"
book,0,95815,books
sleeves_past_wrists,0,95421,sleeves_past_wrist
plaid,0,95011,tartan
looking_to_the_side,0,95005,"looking_aside,looking_to_side"
torn_clothes,0,94967,"ripped_clothes,ripped_clothing,torn_clothing,tornclothes"
artist_request,5,94937,tagme_(artist)
maid,0,94840,"maid_costume,maid_dress,maid_outfit,maid_uniform,maids"
legs,0,94507,leg
grey_eyes,0,94164,"gray_eyes,silver_eyes"
parted_bangs,0,93999,
pokemon_(game),3,93498,
kneehighs,0,93476,"knee_highs,knee_socks,kneehigh_socks,kneesocks"
sash,0,93173,
military,0,93012,
maid_headdress,0,92606,"maid_cachusha,maid_headband"
black_pantyhose,0,92414,
cosplay,0,92051,
petals,0,91785,"flower_petals,petal"
black_panties,0,91619,
hands_up,0,90878,hands_raised
bare_arms,0,90755,
fur_trim,0,90513,fur_lining
pubic_hair,0,90201,"hairy_pussy,pubes,pubichair"
gradient_background,0,89409,
symbol-shaped_pupils,0,89395,symbol_shaped_pupils
fox_ears,0,89386,kitsunemimi
one-piece_swimsuit,0,89360,"one-piece,one_piece_swimsuit"
loli,0,89189,"lolicon,rori"
short_shorts,0,88997,"booty_shorts,hot_pants,hotpants"
ascot,0,88550,cravat
dutch_angle,0,87871,
black_shirt,0,87107,black_blouse
clothing_cutout,0,87061,
eyelashes,0,85352,eye_lashes
open_shirt,0,85035,"open_blouse,openshirt,shirt_open"
no_humans,0,84788,no_human
bare_legs,0,84736,
bar_censor,0,84656,"censor_bar,censor_bars"
dress_shirt,0,84293,
sparkle,0,84241,"sparkles,sparkling"
mole_under_eye,0,84024,
window,0,83889,
kneeling,0,83779,on_knees
lowres,5,83651,
pokemon_(creature),0,83524,
4girls,0,82439,4girl
single_braid,0,82234,
bodysuit,0,82016,body_suit
sleeveless_shirt,0,81849,sleeveless_blouse
hug,0,81795,"embrace,hugging"
v,0,81652,"peace_sign,v_sign"
no_bra,0,81328,
strapless,0,81041,
bell,0,80835,bells
saliva,0,80784,"drool,spit"
double_bun,0,80626,"buns,double_buns,hair_buns,odango,twin_bun,twin_buns"
aqua_hair,0,80439,"cyan_hair,teal_hair,turquoise_hair"
uncensored,0,80159,"descensored,uncensoring"
black_headwear,0,80049,black_hat
black_ribbon,0,79781,
military_uniform,0,79091,
bed,0,78857,
blood,0,78550,
completely_nude,0,78500,completely_naked
md5_mismatch,5,78359,
hoodie,0,77706,
hatsune_miku,4,77659,
sideboob,0,77602,"side_boob,side_boobs,sideboobs"
scan,5,77541,
4koma,0,77129,"4coma,yonkoma"
pussy_juice,0,76721,"pussy_juice_drip,pussyjuice,vaginal_juices"
profile,0,76676,in_profile
black_bow,0,76644,
covered_navel,0,76607,clothed_navel
tattoo,0,76518,"tatoo,tattoos"
skindentation,0,76414,
gradient_hair,0,76251,
makeup,0,76191,"make-up,make_up"
neck_ribbon,0,75973,
leaning_forward,0,75874,
thigh_strap,0,75182,"legband,thigh_band,thigh_belt,thigh_straps,thighband"
mask,0,74898,masks
muscular,0,74818,"muscle,muscles,muscular_male"
no_panties,0,74617,nopan
multiple_views,0,74566,
capelet,0,74472,"mantle,shoulder_cape"
witch_hat,0,74456,"witches_hat,witchhat"
banned_artist,1,74331,
arknights,3,73750,mingri_fangzhou
anus,0,73515,"ass_hole,asshole,butt_hole,butthole"
copyright_name,0,73482,"copyright_abbreviation,copyright_title,title_drop,title_name"
:3,0,73360,
alternate_hairstyle,0,72994,"alternate_hair_style,alternative_hair_style,alternative_hairstyle"
fruit,0,72810,fruits
underboob,0,72760,"under_boob,underbreast"
detached_collar,0,72705,
night,0,71711,
depth_of_field,0,71646,focus_blur
sleeveless_dress,0,71607,
floating_hair,0,71535,"hair_blowing,space_hair"
headband,0,71524,head_band
buttons,0,71479,button
commission,5,71189,
^_^,0,71068,^^
cameltoe,0,70817,camel_toe
blue_dress,0,70407,
copyright_request,5,70143,series_request
cum_in_pussy,0,70131,"cum_inside,nakadashi"
fox_tail,0,70111,
toes,0,70067,
side-tie_bikini_bottom,0,69831,"side-tie_bikini,side_tie_bikini"
bottomless,0,69405,bottom_less
black_bikini,0,69362,"black_bikini_bottom,black_bikini_top"
shadow,0,69346,shadows
blurry_background,0,69181,
glowing,0,69161,glow
nose_blush,0,69041,
feet_out_of_frame,0,68989,
red_skirt,0,68553,
rose,0,68202,roses
fake_animal_ears,0,67687,
swept_bangs,0,67401,
bed_sheet,0,67177,"bed_sheets,bedsheet,bedsheets,sheet,sheets"
hakurei_reimu,4,67154,reimu_hakurei
holding_hands,0,66981,"hand_holding,handholding,holding_another's_hand"
chain,0,66832,chains
headgear,0,66794,
facial_hair,0,66568,
turtleneck,0,66393,turtle_neck
bird,0,66278,birds
6+girls,0,66274,"6+girl,6girl,6girls,7girls,8girls,9girls"
siblings,0,66220,
headphones,0,66160,headphone
colored_skin,0,66044,
ocean,0,66029,sea
arm_support,0,64840,
heterochromia,0,64687,odd_eye
low_twintails,0,64568,
animal,0,64448,animals
halterneck,0,64444,"halter,halter_top,haltertop"
umbrella,0,64428,
frown,0,64110,":(,:{,frowning"
beret,0,63886,
leaf,0,63502,leaves
thigh_boots,0,63404,"thighboots,thighhigh_boots"
pov,0,63396,male_pov
embarrassed,0,63012,"embarassed,embarrased,embarrassing,embarrassment"
on_bed,0,62508,
one_side_up,0,62483,
white_headwear,0,62443,white_hat
back,0,62309,
from_above,0,62263,"aerial_view,view_from_above,viewed_from_above"
fangs,0,62161,
watermark,0,62108,"copyright_notice,watermarked"
garter_straps,0,62076,garter_strap
ass_visible_through_thighs,0,61978,"ass_fangs,butt_fangs,gluteal_fold"
kirisame_marisa,4,61859,marisa_kirisame
blue_background,0,61519,
non-web_source,5,61251,
highleg,0,61030,
scar,0,60550,scars
white_bikini,0,60509,"white_bikini_bottom,white_bikini_top"
on_side,0,60439,lying_on_side
transparent_background,0,60400,"transparent_gif,transparent_png"
plaid_skirt,0,60393,tartan_skirt
mahou_shoujo_madoka_magica,3,60061,"madoka_magica,puella_magi_madoka_magica"
upper_teeth,0,59984,
wariza,0,59972,"w-legs,w-sitting,w_legs,w_sitting"
blue_bow,0,59909,
mouth_hold,0,59852,
traditional_media,0,59832,handdrawn
beach,0,59766,
chair,0,59725,chairs
parody,0,59713,
wavy_hair,0,59694,
facial_mark,0,59372,"facial_marking,facial_markings,facial_marks"
bandages,0,59350,bandage
looking_away,0,59190,"averted_eyes,averting_eyes"
female_pubic_hair,0,59087,pubic_hair_(female)
black_choker,0,58999,
hair_tubes,0,58971,hair_tube
blush_stickers,0,58896,blush_sticker
shirt_lift,0,58495,"lift_shirt,shirt_up,shirtlift,tank_top_lift,top_lift"
expressionless,0,58455,"emotionless,neutral_expression,unexpressive"
drill_hair,0,58376,"doriru,drillhair"
chinese_clothes,0,58184,
brown_footwear,0,57952,"brown_boots,brown_shoes"
grabbing,0,57712,grab
obi,0,57499,
arms_behind_back,0,57461,"arms_behind,hands_behind_back"
eating,0,57289,
holding_sword,0,57204,holding_katana
thick_thighs,0,57195,"big_thighs,fat_thighs,thighthick,thunder_thighs"
no_shoes,0,56933,
clothes_pull,0,56785,
heart-shaped_pupils,0,56777,heart_shaped_pupils
pantyshot,0,56545,"panchira,panty_flash,panty_shot"
topless,0,56515,"top_less,topless_(female)"
thigh_gap,0,56394,
soles,0,56234,sole
short_dress,0,56103,"mini_dress,minidress"
looking_down,0,56025,
phone,0,55900,telephone
symbol-only_commentary,5,55769,"emoji_commentary,symbol_commentary"
fire_emblem,3,55684,fireemblem
skirt_lift,0,55609,"lift_skirt,lifted_skirt,lifting_skirt,skirt_up,skirt_up,skirtlift"
eyepatch,0,55472,eye_patch
magical_girl,0,55341,"magic_girl,magical_girls,mahou_shoujo"
stuffed_toy,0,55100,"plush,plush_toy,stuffed_doll"
floral_print,0,55065,"floral_pattern,flower_print"
bound,0,55064,
black_shorts,0,54852,
flying_sweatdrops,0,54783,flying_sweatdrop
wavy_mouth,0,54739,
crossed_arms,0,54738,"arms_crossed,arms_folded,folded_arms"
hair_intakes,0,54519,hair_vents
playboy_bunny,0,54374,"bunny_suit,bunnygirl,bunnysuit,playboy_bunny_leotard"
girls_und_panzer,3,54361,
piercing,0,54341,"pierced,piercings"
border,0,54335,"bordered,windowbox,windowboxed"
formal,0,54153,
moon,0,54017,
love_live!,3,54003,
abs,0,53468,six_pack
leg_up,0,53348,one_leg_raised
black_pants,0,53296,
half-closed_eyes,0,53060,eyes_half_closed
sandals,0,53019,sandal
from_below,0,52997,"low_angle,view_from_below,viewed_from_below"
erection,0,52994,erect_penis
cover,0,52966,front_cover
cleavage_cutout,0,52916,"boob_window,cleavage_window,heart_cleavage_cutout,tit_window"
sunlight,0,52668,sunshine
table,0,52641,
single_hair_bun,0,52348,"bun,hair_bun,hairbun"
happy,0,52216,
oral,0,52161,
red_dress,0,52030,
cat,0,51593,"cats,neko"
squatting,0,51398,"crouch,crouched,crouching,squat"
pink_background,0,51164,
underwear_only,0,51062,
scrunchie,0,51015,scrunchy
sunglasses,0,50834,shades
chinese_commentary,5,50625,
testicles,0,50503,balls
school_swimsuit,0,50489,"school_swimsuits,sukimizu,sukumizu"
halo,0,50174,
cum_on_body,0,50156,"cum_in_armpit,cum_on_arm,cum_on_armpit,cum_on_armpits,cum_on_arms,cum_on_back,cum_on_belly,cum_on_chest,cum_on_ear,cum_on_feet,cum_on_foot,cum_on_hand,cum_on_hands,cum_on_hips,cum_on_leg,cum_on_legs,cum_on_lower_body,cum_on_thigh,cum_on_thighs,cum_on_upper_body,semen_on_body,semen_on_lower_body,semen_on_upper_body"
bdsm,0,50025,
dark-skinned_male,0,49985,dark_skinned_male
white_footwear,0,49945,"white_boots,white_shoes"
trembling,0,49688,"shiver,shivering,tremble"
mob_cap,0,49616,
blazer,0,49474,
ring,0,49342,rings
wolf_ears,0,49081,"coyote_ears,ookamimimi"
sleeping,0,49004,"asleep,sleep"
game_cg,5,48639,"cg_game,game_asset,gamecg"
final_fantasy,3,48401,finalfantasy
standing_on_one_leg,0,48365,"on_one_foot,on_one_leg,standing_on_one_foot"
backpack,0,48307,"back_pack,ranset"
light_brown_hair,0,48178,lightbrown_hair
eyes_visible_through_hair,0,48041,eye_through_hair
knee_boots,0,47982,"kneeboots,kneehigh_boots"
bob_cut,0,47943,"bobbed_hair,okappa"
lingerie,0,47880,
breast_grab,0,47836,"boob_grab,breast_grap,breasts_grab,grabbing_breasts"
hat_ribbon,0,47823,"hat_ribbons,hatband"
thick_eyebrows,0,47814,
partial_commentary,5,47802,
katana,0,47622,katanas
demon_girl,0,47534,"demon_girls,demongirl,succubus"
stuffed_animal,0,47470,"nuigurumi,plushie,plushies,plushy,stuffed_animals"
bat_wings,0,47403,batwing
cardigan,0,47357,
white_skirt,0,47352,
girls'_frontline,3,47253,girls_frontline
frilled_dress,0,47245,"frilly_dress,ruffled_dress"
;d,0,47230,
korean_commentary,5,47220,
crossed_legs,0,47212,"crossed_legs_(lying),crossed_legs_(sitting),crossed_legs_(standing),legs_crossed"
white_jacket,0,47149,
suspenders,0,47108,suspender
3boys,0,46808,3boy
helmet,0,46660,
remilia_scarlet,4,46507,
hood_down,0,46434,
cloudy_sky,0,46289,
antenna_hair,0,46277,"antennae_hair,double_ahoge"
outstretched_arms,0,46024,arms_outstretched
cellphone,0,45981,"cell_phone,keitai,mobile_phone"
crying,0,45824,cry
tank_top,0,45779,tanktop
cross,0,45683,
polka_dot,0,45581,"polka-dot,polka_dots"
bottle,0,45552,bottles
grass,0,45395,
aged_down,0,45353,"de-aged,younger"
bug,0,45344,"bugs,insect,insects"
fire,0,45168,flames
undressing,0,45146,"strip,stripping,undress"
5girls,0,45141,5girl
crossover,0,45133,
suit,0,45094,
crown,0,44967,
tiara,0,44951,
feathers,0,44917,feather
bent_over,0,44874,"bend_over,bending_over,bent-over"
frilled_skirt,0,44768,"frilly_skirt,ruffled_skirt"
breasts_out,0,44629,"breasts_out_of_clothes,breasts_outside"
light_smile,0,44594,faint_smile
high_ponytail,0,44590,
holding_food,0,44458,
knife,0,44420,knives
pectorals,0,44318,pecs
animated,5,44307,animation
looking_up,0,44282,
couple,0,44275,romance
own_hands_together,0,44229,hands_together
straddling,0,44128,straddle
denim,0,44013,
white_bow,0,43897,
black_hairband,0,43861,
x_hair_ornament,0,43849,
horse_ears,0,43703,
eyebrows,0,43694,
>_<,0,43669,><
hair_bobbles,0,43638,"ball_braids,hair_bobble"
wing_collar,0,43595,
on_stomach,0,43546,"lying_on_stomach,on_belly,on_front,prone"
blue_shirt,0,43462,blue_blouse
plant,0,43377,plants
areolae,0,43051,"areola,areolas"
flandre_scarlet,4,42909,
tan,0,42823,"suntan,tanned,tanned_skin"
lipstick,0,42805,
outstretched_arm,0,42794,arm_outstretched
short_twintails,0,42636,pigtails
fellatio,0,42576,"blow_job,blowjob,felatio"
letterboxed,0,42511,"letter_boxed,letterbox"
bondage,0,42481,tied_up_(sexual)
izayoi_sakuya,4,42221,
robot,0,42197,
blue_ribbon,0,42082,
girl_on_top,0,41971,
white_flower,0,41860,
umamusume,3,41812,uma_musume
curtains,0,41691,"curtain,drapes"
lifted_by_self,0,41638,
precure,3,41585,
animal_print,0,41438,animalprint
pointing,0,41370,
muscular_male,0,41194,
monster_girl,0,41181,monstergirl
cat_girl,0,41138,catgirl
polearm,0,41085,
pink_bow,0,40937,
revision,5,40905,revised
juliet_sleeves,0,40829,"puffy_shoulder_long_sleeves,puffy_shoulders_long_sleeves"
slit_pupils,0,40815,"cat_eyes,snake_eyes"
^^^,0,40758,
sex_from_behind,0,40715,"from_behind_position,taken_from_behind"
all_fours,0,40712,"all-fours,hands_and_knees,on_all_fours"
spiked_hair,0,40593,"spikey_hair,spiky_hair"
sisters,0,40474,
sharp_teeth,0,40407,"pointed_teeth,pointy_teeth,spiked_teeth"
crescent,0,40234,crescent_moon_symbol
staff,0,40001,
granblue_fantasy,3,39964,
hand_on_own_chest,0,39894,"hand_on_chest,hand_to_chest,hand_to_own_chest"
blue_sailor_collar,0,39729,
panty_pull,0,39645,"panties_down,panties_pull,pantsu_pull,pantsupull,panty_down,pantypull"
white_socks,0,39620,white_kneehighs
frilled_sleeves,0,39612,ruffled_sleeves
cherry_blossoms,0,39487,"cherry_blossom,cherry_tree,cherry_trees,sakura_blossoms"
?,0,39399,question_mark
red_necktie,0,39396,
blue_jacket,0,39315,blue_blazer
blouse,0,39159,
clenched_teeth,0,38917,"gritted_teeth,gritting_teeth"
jojo_no_kimyou_na_bouken,3,38901,jojo's_bizarre_adventure
black_background,0,38739,
towel,0,38689,towels
goggles,0,38666,
cover_page,0,38572,book_cover
shaded_face,0,38546,"shaded_eyes,shadow_over_eyes"
brooch,0,38462,broach
wind,0,38440,windy
bike_shorts,0,38398,"biker_shorts,spandex_shorts,spats"
head_wings,0,38365,headwings
green_skirt,0,38314,
otoko_no_ko,0,38307,"femboy,otokonoko,trap"
casual,0,38305,
ground_vehicle,0,38250,
loafers,0,38014,
gauntlets,0,37942,gauntlet
elf,0,37925,"elf_ears,elven_ears"
pink_panties,0,37674,
no_pants,0,37660,"no_skirt,pantless,pantsless,skirtless"
t-shirt,0,37635,"t_shirt,tshirt"
black_bra,0,37603,
red_flower,0,37584,
demon_horns,0,37512,devil_horns
fate/stay_night,3,37270,fate_stay_night
fox_girl,0,37220,
multiple_tails,0,37183,"animal_tails,multi_tail,multi_tails,multiple_tail,multitail,multitails,tails"
building,0,37145,buildings
shoulder_armor,0,37060,shoulder_armour
striped_panties,0,36949,"shimapan,stripped_panties"
wristband,0,36873,"wrist_band,wrist_bands,wristbands"
motion_lines,0,36787,
kiss,0,36774,kissing
black_socks,0,36701,black_kneehighs
single_thighhigh,0,36666,"one_thighhigh,thighhigh"
messy_hair,0,36664,"bed_head,morning_hair"
between_breasts,0,36603,
breast_press,0,36557,
surprised,0,36500,"shock,shocked,startled,surprise"
hat_bow,0,36274,
horse_girl,0,36064,pony_girl
butterfly,0,36053,butterflies
sheath,0,36047,
kemono_friends,3,35930,
child,0,35743,"children,kids"
group_sex,0,35715,"fivesome,foursome,groupsex"
skirt_set,0,35596,
ribbon_trim,0,35463,
character_request,5,35404,tagme_(character)
rabbit_tail,0,35388,bunny_tail
third_eye,0,35361,3rd_eye
drooling,0,35292,
sneakers,0,35275,tennis_shoes
instrument,0,35253,instruments
clenched_hand,0,35216,"clenched_fist,closed_fist,fist"
gem,0,35178,"gems,gemstone,gemstones,jewel,jewels,precious_stone,precious_stones"
red_shirt,0,35118,red_blouse
hakama,0,35114,
red_footwear,0,35093,"red_boots,red_shoes"
sex_toy,0,35043,sex_toys
fishnets,0,34988,fishnet
box,0,34914,boxes
pale_skin,0,34900,"pale,paleskin"
tassel,0,34815,"tassels,tassle"
musical_note,0,34787,"music_note,music_notes,musical_notes"
red_bowtie,0,34624,
admiral_(kancolle),4,34565,"admiral_(kantai_collection),teitoku_(kantai_collection)"
rope,0,34553,ropes
revealing_clothes,0,34527,
wet_clothes,0,34510,"wet_clothing,wetclothes"
genderswap,0,34387,"crossgender,genderbend,rule_63,sex_change"
candy,0,34365,candies
blue_archive,3,34329,
ear_piercing,0,34294,"pierced_ear,pierced_ears"
side-tie_panties,0,34277,"himopan,side_tie_panties"
facial,0,34202,cum_on_face
covering,0,34193,
foreshortening,0,34125,
steam,0,34069,
nature,0,34021,
dog_ears,0,33972,"african_wild_dog_ears,dog_ear,inumimi"
adapted_costume,0,33970,adapted_outfit
anal,0,33953,"anal_penetration,anal_sex"
pink_dress,0,33885,
star_(sky),0,33841,stars_(sky)
demon_tail,0,33782,devil_tail
idolmaster_(classic),3,33758,
portrait,0,33688,
peaked_cap,0,33414,
holding_gun,0,33259,
scenery,0,33196,scenic
armband,0,33179,"arm_band,armbands"
duplicate,5,33144,"dupe,repost"
waist_apron,0,33107,half_apron
convenient_censoring,0,33082,convenient_censorship
night_sky,0,32890,
breath,0,32879,
ejaculation,0,32863,ejaculation_between_breasts
lace_trim,0,32786,
artoria_pendragon_(fate),4,32683,artoria_pendragon_(all)
veil,0,32627,
china_dress,0,32585,"cheongsam,chinadress,chinese_dress,qipao"
black_nails,0,32538,black_fingernails
gundam,3,32500,
alice_margatroid,4,32361,
arms_behind_head,0,32284,hands_behind_head
tokin_hat,0,32268,tokin
couch,0,32265,"settee,sofa"
kochiya_sanae,4,32161,kotiya_sanae
interlocked_fingers,0,32054,"interlaced_fingers,intertwined_fingers"
bandaid,0,31988,"band-aid,band_aids,bandaids"
patchouli_knowledge,4,31880,
love_live!_school_idol_project,3,31866,
lace,0,31864,
microphone,0,31853,mic
white_apron,0,31834,
bara,0,31814,
male_pubic_hair,0,31808,pubic_hair_(male)
front-tie_top,0,31744,front_tie_top
nijisanji,3,31616,
hand_fan,0,31602,"fan,fan_(handheld),fans"
hakama_skirt,0,31594,hakama
mole_under_mouth,0,31592,
bow_panties,0,31582,panty_bow
strapless_dress,0,31483,shoulderless_dress
bridal_gauntlets,0,31482,bridal_gauntlet
holding_cup,0,31435,"holding_drinking_glass,holding_glass,holding_mug,holding_sakazuki,holding_teacup"
yaoi,0,31359,"boy's_love,boy_love,boys_love,gay,shonen-ai,shounen-ai"
mecha,0,31357,mech
glowing_eyes,0,31344,
black_leotard,0,31321,
no_headwear,0,31248,"hat-less,hatless,no_bandana,no_hat,no_helmet"
anger_vein,0,31201,anger_mark
clothes_writing,0,31010,"clothing_writing,text_on_clothes"
...,0,30973,ellipsis
white_ribbon,0,30947,
christmas,0,30909,"crhistmas,xmas"
konpaku_youmu,4,30875,
breasts_apart,0,30806,
bikini_top_only,0,30801,bikini_top
jingle_bell,0,30800,"cat_bell,jingle_bells,jinglebell,jinglebells"
straight_hair,0,30760,
baseball_cap,0,30749,
cirno,4,30568,
string_bikini,0,30499,
cum_on_breasts,0,30492,"cum_between_breasts,cum_on_tits,semen_on_breasts"
hair_over_shoulder,0,30475,
hair_flaps,0,30433,
yellow_background,0,30363,
twin_drills,0,30363,twindrills
skin_tight,0,30287,"skintight,skintightsuit"
torn_legwear,0,30238,"ripped_pantyhose,torn_pantyhose,torn_thighhighs"
:<,0,30130,
feathered_wings,0,30068,feather_wings
semi-rimless_eyewear,0,30065,"half-rim_glasses,half_rim_glasses,semi-rimless_glasses,semi_rimless_glasses"
web_address,0,30064,url
hooded_jacket,0,30061,
angry,0,29877,"anger,mad"
facing_viewer,0,29718,
check_translation,5,29708,translation_check
light_purple_hair,0,29602,
motor_vehicle,0,29565,
cloak,0,29555,
yakumo_yukari,4,29449,
wolf_tail,0,29391,coyote_tail
eyewear_on_head,0,29306,"glasses_on_head,sunglasses_on_head"
red_nails,0,29296,red_fingernails
claws,0,29221,claw
carrying,0,29183,carry
light_particles,0,29145,dust_particles
side_braid,0,29144,
corset,0,29104,
micro_bikini,0,29023,microbikini
red_background,0,28919,
multiple_penises,0,28902,
pelvic_curtain,0,28877,"crotch_veil,pussy_veil,waist_veil"
mary_janes,0,28806,
knees_up,0,28793,
red_headwear,0,28775,red_hat
tentacles,0,28751,tentacle
index_finger_raised,0,28574,"finger_raised,raised_finger"
bad_link,5,28568,
danganronpa_(series),3,28517,"dangan-ronpa,dangan_ronpa,danganronpa"
rifle,0,28514,rifles
purple_dress,0,28510,
clothing_aside,0,28494,clothes_aside
grey_shirt,0,28474,"gray_shirt,grey_blouse"
smartphone,0,28466,smart_phone
bright_pupils,0,28447,
tareme,0,28419,
multicolored_clothes,0,28388,multicolored_clothing
:p,0,28336,:b
beard,0,28254,
vertical_stripes,0,28250,"vertical_striped,vertically_striped"
paizuri,0,28182,"tit_fuck,titfuck,titjob"
red_neckerchief,0,27971,
single_horn,0,27939,horn
black_necktie,0,27938,
extra_ears,0,27907,double_ears
strap_slip,0,27821,
licking,0,27773,"lick,licks"
finger_to_mouth,0,27753,"finger_on_lips,finger_on_mouth,finger_to_lips"
short_hair_with_long_locks,0,27649,
striped_thighhighs,0,27538,
close-up,0,27532,"close_up,closeup"
puffy_nipples,0,27512,puffy_nipple
white_border,0,27492,
red_jacket,0,27412,red_blazer
scar_on_face,0,27395,facial_scar
french_braid,0,27351,
androgynous,0,27341,androgyny
snow,0,27295,
tsurime,0,27266,
buckle,0,27227,buckles
full_moon,0,27179,fullmoon
neck_bell,0,27141,"bell_choker,bell_collar,bellcollar,collar_bell,neckbell"
pom_pom_(clothes),0,27021,pom_pom_(clothing)
eye_contact,0,27001,
forehead,0,26988,
two-tone_background,0,26942,
upskirt,0,26901,
striped_legwear,0,26881,"striped_kneehighs,striped_leggings,striped_pantyhose,striped_socks,striped_thighhighs"
areola_slip,0,26870,areolae_slip
komeiji_koishi,4,26856,
furry,0,26814,"anthro,kemono"
seiza,0,26683,sitting_on_knees
face,0,26664,
yellow_bow,0,26605,
blue_bikini,0,26512,"blue_bikini_bottom,blue_bikini_top"
pink_flower,0,26508,
genderswap_(mtf),0,26485,
spoilers,5,26453,spoiler
lens_flare,0,26401,lensflare
hololive_english,3,26341,
1other,0,26331,sole_other
armlet,0,26089,"arm_bracelets,armlets"
gift,0,26038,"gifts,present,presents"
pink_nails,0,25973,pink_fingernails
spikes,0,25954,
hand_on_own_face,0,25906,"hand_on_face,hand_to_face"
wading,0,25848,"standing_in_liquid,walking_in_liquid"
between_legs,0,25847,
pendant,0,25825,
side_slit,0,25804,leg_slit
shameimaru_aya,4,25795,
handgun,0,25777,"hand_gun,pistol"
dual_persona,0,25729,
desk,0,25687,desks
camisole,0,25666,
abyssal_ship,0,25640,shinkaisei-kan
masturbation,0,25475,"masturbate,masturbating,onani"
brown_gloves,0,25420,
skin_fang,0,25364,flesh_fang
faceless,0,25353,no_face
restrained,0,25331,
plate,0,25316,"dish,plates"
horse_tail,0,25316,
alcohol,0,25311,
green_bow,0,25155,
after_sex,0,25132,aftersex
curvy,0,25098,"curvaceous,voluptuous"
handjob,0,25080,"hand_job,tekoki"
spoken_heart,0,25034,
broom,0,25027,broomstick
cross-laced_footwear,0,24988,cross_laced_footwear
ribbed_sweater,0,24980,
o-ring,0,24978,o_ring
sleeves_rolled_up,0,24977,"folded_sleeves,rolled-up_sleeves,rolled_sleeves,rolled_up_sleeves,sleeves_folded_up,sleeves_rolled"
k-on!,3,24924,"k-on,k-on!!,keion,keion!,kon!"
maid_apron,0,24909,
heavy_breathing,0,24889,panting
ball,0,24763,
hair_scrunchie,0,24745,
low_ponytail,0,24734,
drinking_glass,0,24709,
eyeshadow,0,24691,eye_shadow
santa_hat,0,24644,"christmas_hat,stocking_cap"
grey_skirt,0,24582,gray_skirt
cowgirl_position,0,24564,cowgirl_(position)
breast_hold,0,24517,holding_breasts
highleg_leotard,0,24386,
personification,0,24381,"anthropomorphism,gijinka"
fujiwara_no_mokou,4,24374,"fujiwara_mokou,huziwara_no_mokou"
headwear_removed,0,24296,headwear_off
red_gloves,0,24272,
clenched_hands,0,24262,"clenched_fists,closed_fists,fists"
forest,0,24259,woods
dress_lift,0,24243,
persona,3,24231,
tray,0,24174,"platter,serving_tray"
reisen_udongein_inaba,4,24152,
doujin_cover,0,24103,
headset,0,24083,
machinery,0,24061,
cropped_legs,0,24049,
partially_submerged,0,24018,
high_heel_boots,0,23988,heel_boots
floating,0,23983,
zipper,0,23962,zippers
blue_headwear,0,23914,blue_hat
wide_hips,0,23905,large_hips
smoke,0,23887,
tanlines,0,23866,"tan_line,tan_lines,tanline"
low-tied_long_hair,0,23754,long_hair_tied_low
hair_rings,0,23751,"hair_loop,hair_loops,hair_ring"
legs_up,0,23744,
jpeg_artifacts,5,23734,"jpeg_artefacts,jpegartifacts,jpg_artifacts"
halloween,0,23682,
backlighting,0,23682,"backlit,bright_background"
pencil_skirt,0,23665,
single_glove,0,23625,one_glove
fish,0,23610,
hood_up,0,23603,
sweater_vest,0,23523,
large_pectorals,0,23481,
pink_skirt,0,23480,
reflection,0,23471,
clothed_sex,0,23395,
flying,0,23358,
lyrical_nanoha,3,23350,
hong_meiling,4,23337,ex-meiling
half_updo,0,23331,
neon_genesis_evangelion,3,23309,evangelion
sleeves_past_fingers,0,23302,
spot_color,0,23297,spot_colors
panties_under_pantyhose,0,23256,"panties_behind_pantyhose,panties_below_pantyhose,panties_under_pantiehose,panties_underneath_pantyhose"
arm_behind_back,0,23254,hand_behind_back
freckles,0,23242,
starry_sky,0,23223,
colored_sclera,0,23187,
kemonomimi_mode,0,23177,
white_bra,0,23176,
nontraditional_miko,0,23158,
asymmetrical_legwear,0,23139,
strapless_leotard,0,23111,
sailor_dress,0,23108,
holding_book,0,23081,
puffy_long_sleeves,0,23064,long_puffy_sleeves
tearing_up,0,23045,
brown_background,0,23006,
arm_at_side,0,23006,
akemi_homura,4,22991,
happy_birthday,0,22956,
long_fingernails,0,22893,
blue_nails,0,22871,blue_fingernails
red_bikini,0,22870,"red_bikini_bottom,red_bikini_top"
!,0,22798,exclamation_mark
garter_belt,0,22643,garterbelt
dual_wielding,0,22618,"double_wield,dual_wield"
6+boys,0,22607,"6+boy,6boy,6boys"
rain,0,22602,raining
cuffs,0,22587,cuff
red-framed_eyewear,0,22586,"red-framed_glasses,red-rimmed_glasses,red_framed_glasses"
santa_costume,0,22545,"santa,santa_outfit,santa_suit"
fingering,0,22544,
walking,0,22523,
bubble,0,22498,bubbles
cropped_jacket,0,22477,bolero
komeiji_satori,4,22476,
epaulettes,0,22442,
idolmaster_shiny_colors,3,22395,shiny_colors
frilled_bikini,0,22378,frilled_bikini_bottom
crossdressing,0,22372,"crossdress,crossplay,transvestite"
hands,0,22364,hand
innertube,0,22356,"inner_tube,swim_ring"
ribbon-trimmed_sleeves,0,22260,
dragon_horns,0,22250,
teacup,0,22215,"tea_cup,teacups"
suzumiya_haruhi_no_yuuutsu,3,22207,"suzumiya_haruhi_no_yuutsu,the_melancholy_of_haruhi_suzumiya"
legs_apart,0,22194,
naughty_face,0,22170,naughty_smile
out_of_frame,0,22166,
clothed_female_nude_male,0,22153,"cfnm,clothed_female_naked_male,nmcf,nude_male_clothed_female"
contrapposto,0,22148,
pixel-perfect_duplicate,5,22143,
fate/extra,3,22107,
thong,0,22074,thong_panties
cake,0,21989,
kaname_madoka,4,21959,
black_wings,0,21916,"black_wing,dark_wings"
pink_ribbon,0,21910,
demon_wings,0,21896,devil_wings
condom,0,21888,condoms
arm_behind_head,0,21879,hand_behind_head
oni_horns,0,21850,
veins,0,21792,"vein,veiny"
white_pantyhose,0,21766,
short_ponytail,0,21739,
rape,0,21666,
bowl,0,21655,bowls
world_witches_series,3,21632,
hat_ornament,0,21622,
beads,0,21608,
denim_shorts,0,21571,"daisy_dukes,daisydukes,jean_shorts"
saigyouji_yuyuko,4,21570,
curly_hair,0,21567,curls
purple_background,0,21559,
green_background,0,21559,
black-framed_eyewear,0,21535,black-framed_glasses
pokemon_swsh,3,21472,"pokemon_shield,pokemon_sword"
one-hour_drawing_challenge,0,21439,"1draw,wandoro"
holding_phone,0,21428,holding_cellphone
gym_uniform,0,21397,gym_clothes
knee_up,0,21382,
cumdrip,0,21331,cum_drip
spread_pussy,0,21318,"open_pussy,pussy_spread,spread_vagina,spreadpussy"
fur_collar,0,21299,
school_bag,0,21279,schoolbag
resolution_mismatch,5,21273,
blue_shorts,0,21260,
:q,0,21228,:9
doggystyle,0,21218,doggy_style
lolita_fashion,0,21152,lolita
sun_hat,0,21101,sunhat
pauldrons,0,21077,"pauldron,spaulders"
black_sailor_collar,0,21066,
skeb_commission,5,21062,
empty_eyes,0,21017,dead_eyes
goggles_on_head,0,21006,goggle_on_head
outside_border,0,21005,"cropped_background,out_of_border,outside_of_border"
spoken_ellipsis,0,21004,
4boys,0,20974,4boy
blue_flower,0,20947,
pink_shirt,0,20922,pink_blouse
pocket,0,20913,pockets
under-rim_eyewear,0,20890,"under-rim_glasses,under_rim_glasses"
toned,0,20886,
cum_in_mouth,0,20875,"cumshot_in_mouth,oral_cumshot,semen_in_mouth"
shiny_clothes,0,20826,
bulge,0,20802,
long_legs,0,20790,
topless_male,0,20775,shirtless
science_fiction,0,20765,"futuristic,sci-fi,sci_fi,scifi"
alternate_breast_size,0,20763,
hand_on_another's_head,0,20754,
crying_with_eyes_open,0,20749,
purple_skirt,0,20734,
third-party_edit,5,20730,"edited,photoshopped"
skull,0,20719,skulls
jitome,0,20710,flat_gaze
green_dress,0,20660,
hand_in_own_hair,0,20616,"hand_in_hair,hand_on_hair"
meme,0,20570,
monster,0,20563,monsters
outline,0,20557,"outlined,outlines"
new_year,0,20550,"new_years,newyear"
sunset,0,20521,
toenails,0,20508,toenail
futanari,0,20473,"dickgirl,futa"
buruma,0,20439,"bum_huggers,bun_huggers,running_briefs"
thighband_pantyhose,0,20412,
kaga_(kancolle),4,20409,kaga_(kantai_collection)
light_blush,0,20406,
shield,0,20367,shields
inubashiri_momiji,4,20360,inubashiri_momizi
spear,0,20344,spears
hands_on_hips,0,20299,"akimbo,hands_on_waist"
emphasis_lines,0,20280,
aged_up,0,20218,older
v_arms,0,20157,v-arms
frilled_shirt_collar,0,20143,
frilled_apron,0,20142,
female_masturbation,0,20075,masturbation_(female)
white_sleeves,0,20053,
asymmetrical_hair,0,20041,
animal_hands,0,19971,"animal_paws,paw,paws"
high-waist_skirt,0,19914,
running,0,19896,run
o_o,0,19839,o.o
breast_squeeze,0,19831,"breasts_squeeze,breastsqueeze"
dog,0,19799,dogs
=_=,0,19775,
track_jacket,0,19752,
competition_swimsuit,0,19744,
long_skirt,0,19707,
tied_hair,0,19687,hair_tied
princess_connect!,3,19639,"priconne,princess_connect!_re:dive"
striped_bikini,0,19632,
ice,0,19624,
angel_wings,0,19602,
mole_on_breast,0,19583,
watch,0,19574,
minigirl,0,19533,mini_girl
dog_tail,0,19533,african_wild_dog_tail
teddy_bear,0,19523,"stuffed_bear,teddybear"
legs_together,0,19520,"knees_together,knees_together_feet_together"
black_serafuku,0,19458,
+_+,0,19447,"cross-shaped_pupils,star_eyes,starry_eyes"
impossible_clothes,0,19440,impossible_clothing
gold_trim,0,19390,
head_rest,0,19373,chin_rest
ass_grab,0,19331,"grabbing_ass,squeezing_ass"
faceless_male,0,19281,mister_x
blue_footwear,0,19265,"blue_boots,blue_shoes"
white_skin,0,19215,
white_pupils,0,19207,
single_earring,0,19183,one_earring
hat_removed,0,19155,hat_off
blue_theme,0,19146,
bespectacled,0,19137,
folded_ponytail,0,19114,
ghost,0,19106,ghosts
tress_ribbon,0,19093,
turret,0,19076,turrets
toaru_majutsu_no_index,3,19075,"a_certain_magical_index,to_aru_majutsu_no_index"
purple_bow,0,19074,
paw_pose,0,19074,"cat_pose,dog_pose"
pouch,0,19029,pouches
red_scarf,0,18995,
plump,0,18956,"chubby,muchi"
popsicle,0,18942,icelolly
shawl,0,18917,
blue_one-piece_swimsuit,0,18912,blue_swimsuit
rabbit,0,18900,"bunny,rabbits"
poke_ball,0,18895,"monster_ball,poke_balls,pokeball,pokeballs"
source_request,5,18880,"cg_request,need_source,no_source"
sarashi,0,18853,"bandage_bra,bandagebra"
brown_skirt,0,18801,
cigarette,0,18756,"cigarete,cigarettes,cigarrete,cigarrette"
knees_together_feet_apart,0,18710,knees_touching
hand_in_pocket,0,18695,
white_sailor_collar,0,18661,
yukata,0,18599,
age_difference,0,18593,older_on_younger
hand_between_legs,0,18511,hands_between_legs
hair_down,0,18507,hairdown
brown_pantyhose,0,18501,
sheathed,0,18484,
bow_(weapon),0,18463,bow_and_arrow
dragon_girl,0,18445,
black_belt,0,18417,
open_coat,0,18401,
drinking_straw,0,18388,straw_(drinking)
twins,0,18381,
league_of_legends,3,18379,
high_collar,0,18261,
upside-down,0,18217,"upside_down,upsidedown"
oni,0,18212,
page_number,0,18162,
serious,0,18132,stern
jeans,0,18107,blue_jeans
black_coat,0,18090,
smirk,0,18072,
black_vest,0,18049,
object_insertion,0,18042,insertion
brown_jacket,0,18020,brown_blazer
light_rays,0,18002,
robe,0,17999,robes
thought_bubble,0,17995,thought_balloon
military_hat,0,17990,military_cap
injury,0,17972,"injured,injuries,wounded,wounds"
yellow_shirt,0,17962,yellow_blouse
yakumo_ran,4,17920,
pose,0,17917,posing
;),0,17913,
mini_hat,0,17901,"minihat,tiny_hat"
lollipop,0,17851,"lolipop,lollipops"
blue_panties,0,17824,
fate/apocrypha,3,17818,
yellow_ribbon,0,17801,
dakimakura_(medium),0,17770,dakimakura
hoop_earrings,0,17740,hoop_earring
striped_shirt,0,17705,striped_blouse
braided_ponytail,0,17702,
street_fighter,3,17701,streetfighter
tabard,0,17689,
sideburns,0,17658,
patreon_username,0,17637,
boku_no_hero_academia,3,17635,my_hero_academia
bouncing_breasts,0,17628,
circlet,0,17617,
butt_crack,0,17600,"ass_crack,buttcrack,posterior_cleavage"
pajamas,0,17588,"pajama,pyjama,pyjamas"
eyebrows_hidden_by_hair,0,17578,eyebrows_behind_hair
missionary,0,17567,missionary_position
crystal,0,17505,crystals
lantern,0,17491,lanterns
@_@,0,17466,"al_bhed_eyes,spiral_eyes,swirly_eyes"
red_rose,0,17462,
striped_bow,0,17429,
wide-eyed,0,17420,"eyes_wide,shocked_eyes,wide_eyed,wide_eyes"
ofuda,0,17387,
|_|,0,17362,||_||
contemporary,0,17338,modern_clothing
water_drop,0,17323,"droplet,droplets,rain_drop,rain_drops,raindrop,raindrops,water_droplets,water_drops"
top_hat,0,17261,"magician_hat,tophat"
tentacle_hair,0,17235,
kagamine_rin,4,17226,
:t,0,17218,
breastplate,0,17216,"breast_plate,chest_plate,chestplate"
chocolate,0,17188,
threesome,0,17136,3p
jumping,0,17110,jump
blurry_foreground,0,17110,
white_shorts,0,17099,
rock,0,17092,rocks
hairpin,0,17056,"hair_pin,hairpins"
partially_fingerless_gloves,0,17000,partly_fingerless_gloves
hug_from_behind,0,17000,back_hug
sports_bra,0,16995,
handbag,0,16957,"hand_bag,purse"
white_hairband,0,16956,
blue_necktie,0,16954,
outstretched_hand,0,16939,"hand_outstretched,hands_outstretched,outstretched_hands"
oekaki,0,16927,
moriya_suwako,4,16923,
height_difference,0,16908,
konpaku_youmu_(ghost),4,16896,myon
mirror,0,16875,mirrors
chopsticks,0,16874,chopstick
object_hug,0,16851,hugging_object
belt_buckle,0,16830,
wooden_floor,0,16787,
bouquet,0,16782,bouquets
pink_lips,0,16773,pink_lipstick
black_bowtie,0,16771,
blood_on_face,0,16763,bloody_face
colored_eyelashes,0,16747,"aqua_eyelashes,blonde_eyelashes,blue_eyelashes,coloured_eyelashes,green_eyelashes,grey_eyelashes,multicolored_eyelashes,orange_eyelashes,pink_eyelashes,purple_eyelashes,red_eyelashes,silver_eyelashes,white_eyelashes"
full-face_blush,0,16743,full_face_blush
rumia,4,16720,
stairs,0,16678,"stair,staircase,stairway,steps"
paper,0,16670,
mug,0,16655,
miki_sayaka,4,16633,
valentine,0,16630,"valentien,valentine's_day,valentines,valentines_day"
shoulder_bag,0,16609,
sportswear,0,16601,sports_uniform
white_kimono,0,16572,white_yukata
snowing,0,16554,falling_snow
mountain,0,16498,mountains
kazami_yuuka,4,16466,kazami_yuka
covering_breasts,0,16463,"breast_cover,breast_covering,breasts_covering,handbra"
animal_hood,0,16458,
star_hair_ornament,0,16448,
underwater,0,16437,under_water
kaenbyou_rin,4,16412,orin
holding_umbrella,0,16407,
wedding_dress,0,16404,weddingdress
miko,0,16365,shrine_maiden
city,0,16310,
mature_male,0,16303,dilf
cropped_torso,0,16278,
green_jacket,0,16221,
glint,0,16214,
animated_gif,5,16197,gif
vibrator,0,16181,vibrators
the_legend_of_zelda,3,16167,"legend_of_zelda,zelda_no_densetsu"
shimakaze_(kancolle),4,16163,"shimakaze_(kantai_collection),zekamashi"
snake,0,16157,snakes
adjusting_clothes,0,16152,
meme_attire,0,16138,
reiuji_utsuho,4,16106,okuu
doll,0,16102,dolls
enmaided,0,16090,
open_book,0,16077,
video,5,16064,"mp4,videos,webm"
panties_aside,0,16026,panty_aside
bloomers,0,16026,
backless_outfit,0,15986,"backless,open_back"
fighting_stance,0,15978,battle_stance
hair_bell,0,15975,"bell_hair_ornament,hair_bells,hairbell,hairbells"
cum_on_hair,0,15956,"cum_in_hair,semen_on_hair"
sign,0,15942,signs
pout,0,15942,
borrowed_character,0,15903,
saber,4,15901,
bandaged_arm,0,15871,bandaged_arms
waving,0,15862,wave
hibiki_(kancolle),4,15846,hibiki_(kantai_collection)
multicolored_eyes,0,15831,
chen,4,15801,
motion_blur,0,15791,
ice_cream,0,15787,"ice-cream,ice-creams,ice_creams,icecream,icecreams"
skirt_hold,0,15762,dress_hold
forehead_mark,0,15756,
crossed_bangs,0,15740,
mature_female,0,15739,"mature,mature_woman,milf"
colored_inner_hair,0,15721,
realistic,0,15720,
aircraft,0,15710,
strawberry,0,15701,strawberries
mouse_ears,0,15693,"nezumimi,rat_ears"
one_eye_covered,0,15692,covered_eye
raised_eyebrows,0,15690,
headpiece,0,15649,
orange_bow,0,15631,
spoon,0,15582,spoons
nose,0,15576,
love_live!_sunshine!!,3,15546,
text_focus,0,15538,text
partially_translated,5,15521,"partial_translation,partly_translated"
panties_around_one_leg,0,15517,panties_around_leg
card,0,15500,cards
!?,0,15469,"!!?,!?!,?!,?!!,interrobang"
turtleneck_sweater,0,15464,
pink_bra,0,15459,
round_teeth,0,15448,
brother_and_sister,0,15426,
fire_emblem_heroes,3,15359,
hands_in_pockets,0,15357,
nurse_cap,0,15348,nurse_hat
kamishirasawa_keine,4,15332,
fate/zero,3,15311,fate_zero
remodel_(kantai_collection),0,15309,
front-tie_bikini_top,0,15302,front-tie_bikini
visor_cap,0,15259,
yellow_flower,0,15220,
fence,0,15207,
strike_witches,3,15201,
bandana,0,15183,bandanna
clitoris,0,15179,clit
center_opening,0,15176,absolute_cleavage
eighth_note,0,15150,quaver
hair_tie,0,15147,"hair_ties,hairtie"
touken_ranbu,3,15137,torabu
white_pants,0,15101,
leash,0,15080,
mustache,0,15063,moustache
grey_jacket,0,15004,"gray_jacket,silver_jacket"
anklet,0,14998,"ankle_bracelet,ankle_bracelets,anklets,leg_bracelet"
white_one-piece_swimsuit,0,14995,white_swimsuit
short_eyebrows,0,14960,
holding_staff,0,14952,
white_leotard,0,14951,
hime_cut,0,14950,"himecut,princess_cut"
green_headwear,0,14949,green_hat
palm_tree,0,14943,palm_trees
geta,0,14943,
sand,0,14930,
card_(medium),0,14925,
dragon,0,14907,
tatara_kogasa,4,14899,
fire_emblem:_three_houses,3,14893,fire_emblem:_fuukasetsugetsu
covering_mouth,0,14842,"hands_over_mouth,hiding_mouth"
kawashiro_nitori,4,14839,
drink,0,14826,"beverage,drinks"
sailor_hat,0,14821,sailor_cap
stubble,0,14817,
anchor_symbol,0,14817,
pokemon_sm,3,14808,"pokemon_moon,pokemon_sun,pokemon_sun_and_moon"
blue_skin,0,14806,
idolmaster_million_live!,3,14804,"idolmaster_million_live,million_live"
dildo,0,14802,
mash_kyrielight,4,14763,shielder_(fate/grand_order)
green_shirt,0,14753,green_blouse
top-down_bottom-up,0,14749,"ass-up_head-down,face-down_ass-up,face_down_ass_up,top-down-bottom-up,top_down_bottom_up"
antennae,0,14747,antenna
door,0,14740,doors
can,0,14739,cans
arrow_(projectile),0,14735,arrows
fantasy,0,14723,
orange_background,0,14699,
overflow,0,14692,
sitting_on_person,0,14680,sitting_on
on_floor,0,14671,sitting_on_floor
scar_across_eye,0,14642,eye_scar
fork,0,14624,
alternate_color,0,14576,"alternate_colors,alternative_color"
hip_focus,0,14575,hips
round_eyewear,0,14572,round_glasses
hinanawi_tenshi,4,14557,"hinanai_tenshi,tenshi_hinanai"
xenoblade_chronicles_(series),3,14553,xenoblade_(series)
dragon_tail,0,14520,
mouth_mask,0,14503,face_mask
blindfold,0,14496,blindfolded
frog_hair_ornament,0,14489,
asymmetrical_bangs,0,14481,asymmetric_bangs
mario_(series),3,14473,
adjusting_hair,0,14462,
indie_virtual_youtuber,3,14440,
spread_arms,0,14434,arms_spread
purple_flower,0,14419,
honkai_(series),3,14415,
yu-gi-oh!,3,14393,"yu-gi-oh,yu-gi-ou,yu-gi-ou!,yugioh,yugioh!,yuu-gi-ou,yuugioh"
camera,0,14391,
arrow_(symbol),0,14380,"directional_arrow,directional_arrows,directional_arrows"
furrowed_brow,0,14359,furrowed_eyebrows
interracial,0,14357,
licking_lips,0,14335,lip_licking
fake_tail,0,14302,fake_animal_tail
sakura_kyouko,4,14289,
tall_image,5,14288,
wand,0,14282,magic_wand
arched_back,0,14252,
zoom_layer,0,14247,zoomlayer
off-shoulder_dress,0,14236,
sharp_fingernails,0,14227,
folding_fan,0,14212,
black_one-piece_swimsuit,0,14210,black_swimsuit
straw_hat,0,14209,
arms_at_sides,0,14208,
green_ribbon,0,14203,
double_v,0,14200,double_peace
long_dress,0,14191,
tomoe_mami,4,14189,
music,0,14184,
apple,0,14173,apples
sword_art_online,3,14151,
overwatch,3,14148,
jacket_on_shoulders,0,14147,"coat_on_shoulders,coat_over_shoulders,jacket_over_shoulders"
emblem,0,14133,
head_out_of_frame,0,14110,"cropped_head,eyes_out_of_frame"
mixed-language_commentary,5,14109,"bilingual_commentary,multilingual_commentary"
sun,0,14095,
lowleg,0,14092,
blanket,0,14056,
hanging_breasts,0,14053,"hanging_boob,hangingboob"
sunflower,0,14052,sunflowers
anime_screencap,5,14040,screencap
final_fantasy_xiv,3,14039,"ff14,ffxiv"
arm_warmers,0,14013,armwarmers
rabbit_girl,0,14010,
honkai_impact_3rd,3,14001,
white_wings,0,13996,
labcoat,0,13993,lab_coat
gag,0,13985,
groping,0,13984,"fondle,fondling,grope"
railing,0,13970,
yokozuwari,0,13969,
paid_reward_available,5,13961,reward_available
cannon,0,13956,cannons
dragon_ball,3,13943,dragonball
shigure_(kancolle),4,13917,shigure_(kantai_collection)
alternate_hair_length,0,13908,alternative_hair_length
pink_footwear,0,13905,"pink_boots,pink_shoes"
paid_reward,5,13905,
veiny_penis,0,13884,
heart_hair_ornament,0,13882,
wince,0,13874,cringe
black_bodysuit,0,13869,
bandeau,0,13856,
gothic_lolita,0,13847,"gosurori,gothloli"
final_fantasy_vii,3,13847,"ff7,ffvii,final_fantasy_7"
horizon,0,13838,
overwatch_1,3,13837,
brown_headwear,0,13823,brown_hat
purple_ribbon,0,13799,
holding_clothes,0,13746,
houraisan_kaguya,4,13743,
name_tag,0,13741,nametag
furry_female,0,13727,female_furry
leg_lift,0,13723,"leg_raise,leg_raised,raised_leg"
bun_cover,0,13710,bun_covers
muscular_female,0,13695,
shota,0,13694,
goatee,0,13686,
unbuttoned,0,13681,
pink_bikini,0,13673,"pink_bikini_bottom,pink_bikini_top"
highleg_panties,0,13662,
pasties,0,13658,
dog_girl,0,13657,
chinese_text,0,13631,chinese
branch,0,13622,"branches,tree_branch"
angel,0,13613,"angels,archangel,tenshi"
floral_background,0,13605,flower_background
re:zero_kara_hajimeru_isekai_seikatsu,3,13561,"re:zero,re:zero_-_starting_life_in_another_world,re:zero_ÔêÆ_starting_life_in_another_world,re_zero"
beanie,0,13556,tuque
blue_kimono,0,13553,blue_yukata
hand_on_own_cheek,0,13546,"hand_on_cheek,hand_to_cheek"
partially_visible_vulva,0,13544,
clock,0,13537,clocks
jack-o'-lantern,0,13531,"jack-o-lantern,jack_o'_lantern,jack_o_lantern"
hitodama,0,13529,"fox_fire,soul_flame,spirit_flame"
black_sclera,0,13529,
smoking,0,13527,
koakuma,4,13523,
red_hairband,0,13493,
imageboard_desourced,5,13452,
android,0,13447,gynoid
hand_on_headwear,0,13434,hand_on_hat
off-shoulder_shirt,0,13409,
lactation,0,13407,"lactating,milk_breasts,milking"
swimsuit_under_clothes,0,13405,
underbust,0,13389,
protected_link,5,13387,
brown_legwear,0,13377,"brown_kneehighs,brown_leggings,brown_pantyhose,brown_socks,brown_thighhighs"
kill_la_kill,3,13352,
hat_flower,0,13343,
eyeball,0,13325,eyeballs
untied,0,13307,
microskirt,0,13292,
back-to-back,0,13287,back_to_back
red_cape,0,13281,
petticoat,0,13277,
tales_of_(series),3,13272,
purple_shirt,0,13265,purple_blouse
dot_nose,0,13246,
tabi,0,13215,
food_on_face,0,13187,food_on_cheek
ahegao,0,13174,
basket,0,13173,
nipple_slip,0,13170,"nip_slip,nippleslip,nipslip"
vambraces,0,13154,vambrace
ass_focus,0,13135,pov_ass
bookshelf,0,13130,"bookcase,bookshelves"
gakuran,0,13118,
logo,0,13083,
criss-cross_halter,0,13078,criss_cross_halter
splatoon_(series),3,13074,splatoon
black_sleeves,0,13067,
large_areolae,0,13059,"big_areola,big_areolae,large_areola"
drawstring,0,13038,drawstrings
kongou_(kancolle),4,13037,kongou_(kantai_collection)
wolf_girl,0,13030,
pointless_censoring,0,13029,pointless_censorship
argyle,0,13015,argyle_print
armored_dress,0,13013,armoured_dress
fairy_wings,0,13011,
collared_dress,0,13005,
character_doll,0,12997,
suspender_skirt,0,12964,
cabbie_hat,0,12961,
grabbing_from_behind,0,12952,
tail_ornament,0,12950,
lace-up_boots,0,12947,lace_up_boots
purple_nails,0,12923,"lavender_nails,purple_fingernails"
saliva_trail,0,12884,saliva_string
silhouette,0,12870,
bandaid_on_face,0,12849,
pocky,0,12847,pepero
pokemon_(anime),3,12840,
unzipped,0,12820,
blue_pants,0,12814,
size_difference,0,12809,
hand_on_another's_shoulder,0,12806,
large_penis,0,12800,big_penis
mystia_lorelei,4,12778,
monogatari_(series),3,12763,
white_scarf,0,12762,
headdress,0,12755,
white_coat,0,12747,
covered_mouth,0,12744,"hidden_mouth,mouth_covered"
kneepits,0,12743,"knee_pit,kneepit"
silent_comic,0,12740,
taut_clothes,0,12738,taut_clothing
gangbang,0,12731,"gang_bang,gang_rape,gang_sex,gangrape,gangsex"
blue_gloves,0,12720,
crotch_seam,0,12697,
onsen,0,12668,"hot_spring,hot_springs,hotspring"
gift_box,0,12665,
gohei,0,12653,
red_vest,0,12631,
painttool_sai_(medium),5,12622,
yellow_ascot,0,12616,
butterfly_hair_ornament,0,12583,
anchor,0,12562,
leaning_back,0,12554,
drinking,0,12535,sipping
everyone,0,12507,"everybody,group"
gochuumon_wa_usagi_desu_ka?,3,12494,"gochiusa,gochuumon_wa_usagi_desuka?,is_the_order_a_rabbit?"
blue_bowtie,0,12493,
inazuma_(kancolle),4,12492,inazuma_(kantai_collection)
retro_artstyle,0,12485,oldschool
ibuki_suika,4,12472,
inaba_tewi,4,12458,inaba_tei
on_head,0,12457,
cow_print,0,12451,cowprint
military_vehicle,0,12428,
cow_ears,0,12426,ushimimi
no_nose,0,12421,
winter_clothes,0,12407,
holding_flower,0,12405,
naruto_(series),3,12398,
sundress,0,12392,"summer_dress,summerdress,sun_dress"
shrug_(clothing),0,12383,naked_shrug
witch,0,12379,"sorceress,witch_costume"
guitar,0,12353,
naval_uniform,0,12351,
highleg_swimsuit,0,12351,
center_frills,0,12342,
bridal_garter,0,12325,leg_garter
pen,0,12307,
2koma,0,12304,
pool,0,12267,swimming_pool
electricity,0,12266,
arm_grab,0,12263,"arm_hold,grabbing_arm"
wind_lift,0,12255,"ecchi_no_kaze,skirt_blow,windlift"
tiles,0,12230,tile
heart_censor,0,12220,censor_heart
bishoujo_senshi_sailor_moon,3,12190,
toenail_polish,0,12173,
guilty_gear,3,12172,guiltygear
black_cape,0,12171,
frog,0,12165,frogs
akagi_(kancolle),4,12165,akagi_(kantai_collection)
glass,0,12163,
photo_(medium),0,12162,
souryuu_asuka_langley,4,12157,"asuka_langley_souryuu,shikinami_asuka_langely,shikinami_asuka_langley,shikinami_asuka_langly,sohryu_asuka_langley,soryu_asuka_langley,soryuu_asuka_langly,souryuu_asuka_langly"
spaghetti_strap,0,12151,spaghetti_straps
checkered_clothes,0,12150,checkered_clothing
hijiri_byakuren,4,12148,
red_lips,0,12145,red_lipstick
adjusting_eyewear,0,12084,"adjusting_glasses,adjusting_sunglasses"
brown_thighhighs,0,12070,
flag,0,12028,flags
ganyu_(genshin_impact),4,12009,"ganyu,kan'u_(genshin_impact)"
mittens,0,11985,mitts
headpat,0,11952,"head_pat,patting_head,petting"
code_geass,3,11931,code_geass_hangyaku_no_lelouch_r2
muneate,0,11928,
salute,0,11910,
wedding_ring,0,11908,wedding_band
bound_wrists,0,11907,"bound_hands,hands_bound,hands_tied,tied_hands,tied_wrists,wrists_bound"
reading,0,11899,
bangle,0,11895,bangles
selfie,0,11825,self_shot
chestnut_mouth,0,11792,
ankle_boots,0,11787,
scythe,0,11786,
facing_away,0,11780,
korean_text,0,11779,korean
double-breasted,0,11770,
blue_thighhighs,0,11769,
flipped_hair,0,11763,soto-hane
purple_bikini,0,11757,"purple_bikini_bottom,purple_bikini_top"
waitress,0,11747,
classroom,0,11726,class_room
female_child,0,11715,
nazrin,4,11693,
absurdly_long_hair,0,11693,"extremely_long_hair,hair_past_feet"
xenoblade_chronicles_2,3,11692,xenoblade_2
poke_ball_(basic),0,11680,poke_ball_(generic)
hair_stick,0,11666,hair_sticks
chromatic_aberration,0,11658,
talking,0,11638,
strap_gap,0,11635,
airplane,0,11595,"aeroplane,airplanes,plane,planes"
vision_(genshin_impact),0,11591,
uneven_legwear,0,11564,asymmetrical_legwear
cheerleader,0,11562,cheergirl
magic,0,11546,
car,0,11540,cars
beachball,0,11528,beach_ball
smug,0,11509,
pinafore_dress,0,11500,jumper
food-themed_hair_ornament,0,11500,"food_hair_ornament,food_themed_hair_ornament"
toaru_kagaku_no_railgun,3,11497,"a_certain_scientific_railgun,to_aru_kagaku_no_railgun"
wristwatch,0,11481,wrist_watch
one_piece,3,11470,
flat_cap,0,11468,
mahou_shoujo_lyrical_nanoha,3,11465,"mahou_shoujo_lyirical_nanoha,mahoushoujolyricalnanoha"
fur-trimmed_jacket,0,11444,fur-lined_jacket
lucky_star,3,11438,
cleft_of_venus,0,11424,
nun,0,11410,
inverted_nipples,0,11385,sunken_nipples
pulled_by_self,0,11373,
kita_high_school_uniform,0,11362,
notice_lines,0,11349,
earmuffs,0,11342,"ear_muffs,earmuff"
ugoira,5,11336,
kagamine_len,4,11303,kagamine_ren
light,0,11299,
shirt_tucked_in,0,11294,tucked_in_shirt
hand_to_own_mouth,0,11292,"hand_on_lips,hand_to_lip,hand_to_mouth,hands_to_mouth,hands_to_own_mouth"
gagged,0,11279,
pom_pom_(cheerleading),0,11264,"pom-pom,pom-poms,pom-pon,pom-pons,pom_poms,pompom,pompoms,pompon,pompons"
bikini_under_clothes,0,11264,
nurse,0,11250,"nurse_outfit,nurse_uniform"
houjuu_nue,4,11233,
potted_plant,0,11225,potted_plants
horn_ornament,0,11221,
bucket,0,11209,pail
bukkake,0,11201,"bukake,bukakke,cum_covered,cum_everywhere"
rigging,0,11199,
road,0,11191,
tenryuu_(kancolle),4,11181,tenryuu_(kantai_collection)
hands_on_own_chest,0,11181,"hands_on_chest,hands_to_chest"
stud_earrings,0,11177,"ear_stud,ear_studs"
battle,0,11160,
spoken_question_mark,0,11149,
danganronpa_2:_goodbye_despair,3,11132,"dangan-ronpa_2,dangan_ronpa_2,super_dangan-ronpa_2,super_dangan_ronpa_2,super_danganronpa_2"
armored_boots,0,11128,
bare_back,0,11114,
nipple_tweak,0,11108,nipple_pinch
animal_costume,0,11106,
tatami,0,11056,
eyeliner,0,11025,
ninja,0,11023,kunoichi
mecha_musume,0,11011,"mechamusume,weapongirl"
sideways_glance,0,11007,side_glance
triangular_headpiece,0,11003,
foot_focus,0,10995,"feet_focus,pov_feet"
hakama_short_skirt,0,10991,hakama_skirt
tamamo_(fate),4,10988,tamamo_(fate)_(all)
sexually_suggestive,0,10985,innuendo
light_blue_hair,0,10982,
cow_horns,0,10974,
style_parody,0,10965,
kono_subarashii_sekai_ni_shukufuku_wo!,3,10959,"kono_subarashii_sekai_ni_shukufuku_o!,konosuba"
assault_rifle,0,10949,
neptune_(series),3,10944,
lamp,0,10942,lamps
holding_poke_ball,0,10934,holding_pokeball
snake_hair_ornament,0,10922,
fire_emblem_fates,3,10921,fire_emblem_if
femdom,0,10893,
bench,0,10877,
blazblue,3,10852,
>:),0,10844,
yasaka_kanako,4,10840,
candle,0,10837,candles
yuudachi_(kancolle),4,10824,yuudachi_(kantai_collection)
yagokoro_eirin,4,10824,
controller,0,10824,
bush,0,10823,"bushes,shrubbery"
mahou_shoujo_lyrical_nanoha_strikers,3,10820,mahou_shoujo_lyirical_nanoha_strikers
:>,0,10817,
overalls,0,10801,
happy_sex,0,10798,
scales,0,10787,
hair_over_eyes,0,10778,hair_covering_eyes
tube_top,0,10773,tubetop
naked_shirt,0,10772,nude_shirt
back_bow,0,10769,
bow_bra,0,10764,
cityscape,0,10762,
the_king_of_fighters,3,10756,"king_of_fighters,kingoffighters,kof"
mask_on_head,0,10740,
bags_under_eyes,0,10738,"dark_circles,eye_circles,eyebags"
bad_anatomy,0,10733,
riding,0,10725,
biting,0,10724,bite
ragnarok_online,3,10698,ragnarokonline
dragon_quest,3,10687,
megurine_luka,4,10682,
crown_braid,0,10672,
brown_belt,0,10669,
bridal_veil,0,10666,wedding_veil
sailor_shirt,0,10661,
pokemon_bw,3,10652,"pokemon_b&w,pokemon_black,pokemon_black_and_white,pokemon_white"
white_sweater,0,10645,
mini_crown,0,10624,tiny_crown
brown_dress,0,10601,
open_fly,0,10597,unbuttoned_pants
fairy,0,10593,"faerie,fairies,pixie"
stuffed_bunny,0,10590,stuffed_rabbit
pink_headwear,0,10568,pink_hat
ikazuchi_(kancolle),4,10558,ikazuchi_(kantai_collection)
hair_behind_ear,0,10549,
sarong,0,10542,pareo
joints,0,10538,
+++,0,10519,
japanese_armor,0,10512,"japanese_armour,samurai_armor"
source_smaller,5,10491,
pov_hands,0,10489,hand_pov
ice_wings,0,10488,
covering_crotch,0,10487,covering_pussy
shade,0,10482,
purple_panties,0,10472,
toeless_legwear,0,10463,toeless_socks
orgasm,0,10460,
triangle_mouth,0,10422,
dark,0,10404,
cable,0,10398,"cables,cord,cords,electric_cable"
red_kimono,0,10395,red_yukata
wet_shirt,0,10393,"wet_blouse,wet_t-shirt,wetshirt"
peach,0,10378,peaches
jeanne_d'arc_alter_(fate),4,10372,jeanne_d'arc_(alter)_(fate)
creature,0,10372,creatures
hugging_own_legs,0,10357,"hugging_knees,hugging_legs,knee_hug,leg_hug"
reaching_out,0,10351,
key,0,10347,keys
bird_wings,0,10342,
fishnet_pantyhose,0,10335,
inazuma_eleven_(series),3,10331,
red_hakama,0,10318,
pleated_dress,0,10312,
bad_tumblr_id,5,10310,
space,0,10301,outer_space
mizuhashi_parsee,4,10296,
halloween_costume,0,10290,
blue_leotard,0,10290,
doujinshi,5,10264,doujin
air_bubble,0,10259,
steaming_body,0,10257,
randoseru,0,10253,naked_randoseru
5boys,0,10239,5boy
print_legwear,0,10238,"print_kneehighs,print_leggings,print_pantyhose,print_thighhighs"
bathing,0,10224,
lolita_hairband,0,10207,lolita_headband
claw_pose,0,10200,
fate/extra_ccc,3,10177,
persona_4,3,10175,
oil-paper_umbrella,0,10174,"japanese_umbrella,oriental_umbrella,paper_umbrella,wagasa"
pilot_suit,0,10167,"flight_suit,flightsuit"
holster,0,10166,
food_in_mouth,0,10131,
indian_style,0,10130,agura
heart_of_string,0,10118,
school_desk,0,10088,
alternate_eye_color,0,10088,alternative_eye_color
breast_pocket,0,10084,shirt_pocket
own_hands_clasped,0,10067,"clasped_hands,hands_clasped,hands_clasped,locked_fingers"
painting_(medium),0,10057,paint_(medium)
single_side_bun,0,10044,side_bun
paw_print,0,10043,"paw_prints,pawprint,pawprints"
print_kimono,0,10039,print_yukata
red_panties,0,10034,
dagger,0,10032,daggers
against_wall,0,10028,
hands_on_own_face,0,10021,"hands_on_face,hands_to_face"
laughing,0,10019,laugh
hibiscus,0,10016,
touhou_(pc-98),3,10010,
red_choker,0,10009,
yellow_bikini,0,9999,"yellow_bikini_bottom,yellow_bikini_top"
abigail_williams_(fate),4,9984,abigail_williams_(fate/grand_order)
hair_up,0,9976,
wet_hair,0,9947,
fubuki_(kancolle),4,9944,fubuki_(kantai_collection)
confetti,0,9935,
heart_hands,0,9933,
petite,0,9929,
one_breast_out,0,9929,breast_outside
akiyama_mio,4,9929,
star-shaped_pupils,0,9927,
lace-trimmed_legwear,0,9927,"lace-trimmed_kneehighs,lace-trimmed_socks,lace-trimmed_thighhighs,lace_trimmed_thighhighs"
blue_rose,0,9912,
3d,0,9889,"3dcg,polygon"
polka_dot_background,0,9885,polka-dot_background
akatsuki_(kancolle),4,9884,akatsuki_(kantai_collection)
alternate_hair_color,0,9882,"alternate_haircolor,alternative_hair_color"
cross-laced_clothes,0,9880,cross-laced_clothing
snowflakes,0,9878,snowflake
plugsuit,0,9877,"plug_suit,plugsuits"
carrot,0,9863,carrots
black_collar,0,9861,
string,0,9855,strings
frilled_shirt,0,9848,frilled_blouse
bath,0,9829,ofuro
paw_gloves,0,9820,
drunk,0,9815,
zuikaku_(kancolle),4,9782,zuikaku_(kantai_collection)
white_outline,0,9778,
autumn_leaves,0,9767,fall_leaves
tate_eboshi,0,9766,
marker_(medium),0,9747,copics
incest,0,9747,
bracer,0,9732,bracers
whisker_markings,0,9730,
holding_bag,0,9724,"holding_backpack,holding_purse"
bodystocking,0,9724,
scabbard,0,9704,
pumpkin,0,9698,pumpkins
crescent_hair_ornament,0,9693,
stretching,0,9688,stretch
anal_object_insertion,0,9669,"anal_insertion,anal_object_push"
sack,0,9665,
tengen_toppa_gurren_lagann,3,9659,"gurren_lagann,tengen_toppa_gurren-lagann"
parasol,0,9653,
cum_in_ass,0,9653,"anal_nakadashi,semen_in_anus"
raccoon_ears,0,9643,"tanuki_ears,tanukimimi"
office_lady,0,9635,"officelady,ol"
bat_(animal),0,9635,"bat,bats"
source_larger,5,9630,
star_print,0,9619,
low_wings,0,9610,"hip_wings,lower_back_wings,waist_wings"
ribbon_choker,0,9607,
cone_hair_bun,0,9604,hair_cones
red_legwear,0,9596,"red_kneehighs,red_leggings,red_pantyhose,red_socks,red_thighhighs"
fujimaru_ritsuka_(female),4,9592,"female_protagonist_(fate/grand_order),gudako"
umineko_no_naku_koro_ni,3,9585,"umineko,when_the_seagulls_cry"
tasuki,0,9574,kimono_sleeve_ties
asymmetrical_wings,0,9574,
hand_on_another's_face,0,9560,
facepaint,0,9552,face_paint
wine_glass,0,9535,wineglass
voiceroid,3,9527,
wrist_scrunchie,0,9514,scrunchie_on_wrist
computer,0,9510,
torii,0,9508,"shrine_gate,torii_(gate),torii_gate"
feather_hair_ornament,0,9508,"feather_in_hair,hair_feather,hair_feathers"
holding_bottle,0,9505,
nier_(series),3,9502,
sakuragaoka_high_school_uniform,0,9496,
teapot,0,9492,tea_pot
holding_fan,0,9485,
fake_horns,0,9482,
zipper_pull_tab,0,9480,
navel_cutout,0,9472,heart_navel_cutout
higurashi_no_naku_koro_ni,3,9457,"higurashi,when_the_cicadas_cry"
antlers,0,9454,
check_commentary,5,9453,
watercraft,0,9445,
axe,0,9444,ax
self_upload,5,9443,
habit,0,9399,
shingeki_no_kyojin,3,9380,attack_on_titan
purple_gloves,0,9378,
tiger_ears,0,9366,
arm_tattoo,0,9353,
magatama,0,9348,
string_panties,0,9334,
danganronpa_v3:_killing_harmony,3,9333,"danganronpa_v3,new_danganronpa_v3"
haori,0,9324,
rozen_maiden,3,9310,"rosen_maiden,rozenmaiden"
fire_emblem_awakening,3,9300,"fire_emblem:_awakening,fire_emblem:_kakusei,fire_emblem_kakusei"
belly,0,9296,
black_sweater,0,9293,
cum_on_clothes,0,9289,"cum_inside_clothes,cum_inside_thighhigh,cum_on_buruma,cum_on_clothing,cum_on_hat,cum_on_panties,cum_on_pantyhose,cum_on_shoes,cum_on_socks,cum_on_stockings,cum_on_swimsuit,cum_on_thighhighs,cum_under_clothes"
mismatched_legwear,0,9274,
red_thighhighs,0,9271,
lace-trimmed_panties,0,9271,lace_trimmed_panties
pixel_art,0,9259,sprite
slippers,0,9256,slipper
black_border,0,9256,
brown_shirt,0,9248,brown_blouse
nipple_piercing,0,9247,"nipple_piercings,pierced_nipples"
rebuild_of_evangelion,3,9244,
happy_new_year,0,9238,
transparent,0,9225,transparency
chinese_zodiac,0,9209,
shibari,0,9202,"rope_bondage,ropebondage"
fujimaru_ritsuka_(male),4,9199,"gudao,male_protagonist_(fate/grand_order)"
holding_tray,0,9195,
furry_male,0,9194,male_furry
tight,0,9176,tight_clothes
wagashi,0,9173,japanese_sweets
blood_on_clothes,0,9163,"blood-stained_clothes,bloody_clothes"
rwby,3,9158,
artist_logo,0,9153,
purple_jacket,0,9149,
nagato_(kancolle),4,9145,nagato_(kantai_collection)
toyosatomimi_no_miko,4,9141,
vampire,0,9130,vampyr
one-piece_tan,0,9119,
grey_dress,0,9113,gray_dress
